filename, anger, contempt, disgust, fear, happy, sadness, surprise
S106_006_00000010_png.rf.f45be6604da1841c00d7661f3fb157c1.jpg, 0, 0, 0, 0, 1, 0, 0
S122_001_00000010_png.rf.f467840fe64dd24832016ca680067066.jpg, 0, 0, 0, 0, 0, 0, 1
S081_008_00000011_png.rf.f5e10d64473067c73be6a9328dfa6fbb.jpg, 0, 0, 1, 0, 0, 0, 0
S082_007_00000009_png.rf.f647284fb731ccf2cbdc2e80da489de4.jpg, 0, 0, 1, 0, 0, 0, 0
S045_005_00000029_png.rf.f67fde5e41a649ea2c28175562685d24.jpg, 1, 0, 0, 0, 0, 0, 0
S130_013_00000013_png.rf.f69607c5402a049cb257f74f44acedee.jpg, 0, 0, 0, 0, 1, 0, 0
S069_003_00000011_png.rf.f6c7e3c291d220c46ff0570cde66b108.jpg, 0, 0, 1, 0, 0, 0, 0
S099_004_00000014_png.rf.f70aa0feaa38befaf3bfa0a9a2e213dc.jpg, 0, 0, 0, 0, 1, 0, 0
S138_008_00000008_png.rf.f7d04d20f1c9d5778fad69b5c8899e93.jpg, 0, 1, 0, 0, 0, 0, 0
S133_003_00000047_png.rf.f86d1abb652e10c2fb6dd01193ebf49b.jpg, 1, 0, 0, 0, 0, 0, 0
S042_004_00000020_png.rf.f89fbdb75c6a2bf738094c6ddcaf6e0e.jpg, 1, 0, 0, 0, 0, 0, 0
S068_004_00000010_png.rf.f8e84b393ee5d4250f9825f343ee7f62.jpg, 0, 0, 0, 1, 0, 0, 0
S056_004_00000019_png.rf.f91bf89039ca826ec3543e2234864345.jpg, 0, 0, 0, 0, 1, 0, 0
S057_003_00000013_png.rf.f960849466eb119055c4daf7d015262d.jpg, 0, 0, 1, 0, 0, 0, 0
S062_001_00000015_png.rf.f4bf0038b0cbeea7de12c5a35f3f88e2.jpg, 0, 0, 0, 1, 0, 0, 0
S504_002_00000008_png.rf.f9bd2432e34e2f1b1f9e5ee2ea28a195.jpg, 0, 1, 0, 0, 0, 0, 0
S138_008_00000007_png.rf.f9fad5b94fe99db3150b3bd879561372.jpg, 0, 1, 0, 0, 0, 0, 0
S060_003_00000018_png.rf.f96627b0609e9094d725bed5b4611955.jpg, 0, 0, 0, 0, 0, 0, 1
S032_006_00000016_png.rf.f93b36367d549901144338f52b30a389.jpg, 0, 0, 0, 0, 1, 0, 0
S066_004_00000009_png.rf.fa8f3f1abe9e12fb355a0179cbebb34b.jpg, 0, 0, 0, 0, 0, 1, 0
S044_006_00000019_png.rf.fa7f45a78beefeecccd9d73d0e015da9.jpg, 0, 0, 1, 0, 0, 0, 0
S124_003_00000011_png.rf.fb533f730e3cc15ec7758dc521b4fe6d.jpg, 0, 0, 0, 1, 0, 0, 0
S093_001_00000019_png.rf.fdb4e6c11a6baaecb85b8ad0fb6422b3.jpg, 0, 0, 0, 0, 0, 1, 0
S096_004_00000011_png.rf.fb5eefd0eed94d514c7f6fef6693cf35.jpg, 0, 0, 0, 0, 1, 0, 0
S066_002_00000022_png.rf.fd8760f54137727d0468d9a6ad8c9220.jpg, 0, 0, 0, 0, 0, 0, 1
S111_001_00000014_png.rf.fb93f49f45f96cca49ee762048874272.jpg, 0, 0, 0, 0, 0, 0, 1
S079_002_00000010_png.rf.ff92cbf460d623f721273b1ea7164836.jpg, 0, 0, 1, 0, 0, 0, 0
S155_002_00000011_png.rf.fd485f55146f8d1b46cd90e89e56fcdf.jpg, 0, 1, 0, 0, 0, 0, 0
S125_007_00000007_png.rf.fc9f1c1e58adf135c68f416ba6b92caa.jpg, 0, 0, 0, 0, 0, 0, 1
S014_005_00000017_png.rf.9c779a400ae3436527131d4293953e7c.jpg, 0, 0, 0, 0, 1, 0, 0
S136_003_00000013_png.rf.9d8576ca2fcc7c465bc82e22465ae30e.jpg, 0, 0, 0, 0, 0, 1, 0
S137_011_00000018_png.rf.9e9908f399210e7820b14e063025cc8b.jpg, 0, 0, 0, 0, 1, 0, 0
S503_001_00000070_png.rf.9fc9bee2d181aee16f64361e99136259.jpg, 1, 0, 0, 0, 0, 0, 0
S028_001_00000023_png.rf.9ffc7de205eed489ef764facc6f87b8e.jpg, 1, 0, 0, 0, 0, 0, 0
S117_003_00000012_png.rf.a0000baf7877749b0bc4377f3c386458.jpg, 0, 0, 0, 1, 0, 0, 0
S105_008_00000008_png.rf.a02c7421e4bb0627c0e88a970402fc4d.jpg, 0, 0, 1, 0, 0, 0, 0
S151_002_00000027_png.rf.a04acbd6e81d184ed2ceae9666ef43dc.jpg, 0, 1, 0, 0, 0, 0, 0
S080_001_00000017_png.rf.a04ff4c22859e79942992d7e7489f091.jpg, 0, 0, 0, 0, 0, 0, 1
S148_002_00000013_png.rf.a2150f20c6fdc99018f92f66d78ece6d.jpg, 0, 1, 0, 0, 0, 0, 0
S097_004_00000028_png.rf.a28eb71141aad61625cf8f7daea528d0.jpg, 0, 0, 1, 0, 0, 0, 0
S032_003_00000015_png.rf.a2f675852e74523aeb33a8d82aa625f8.jpg, 1, 0, 0, 0, 0, 0, 0
S119_001_00000009_png.rf.a32d007bddb504a26a87c3980383fe02.jpg, 0, 0, 0, 0, 0, 0, 1
S022_005_00000031_png.rf.a37a63d92fb0c52be06e3020b326665a.jpg, 1, 0, 0, 0, 0, 0, 0
S124_006_00000009_png.rf.a20f5f7de02d02c8e45bb713e841b31d.jpg, 0, 0, 1, 0, 0, 0, 0
S131_001_00000016_png.rf.a3412603cd429e3eb2763c02c34e1102.jpg, 0, 0, 0, 0, 0, 0, 1
S010_006_00000013_png.rf.a3f9a2aab193a33340146d93fd66ac88.jpg, 0, 0, 0, 0, 1, 0, 0
S131_003_00000023_png.rf.a2acabbdd071b6dfd9c20d408c3527bf.jpg, 0, 0, 0, 0, 0, 1, 0
S895_002_00000006_png.rf.a4c61890a1e6f96c06d073bf02dc375d.jpg, 0, 1, 0, 0, 0, 0, 0
S092_001_00000017_png.rf.a475fa28d9ce04f13feb78f25750964f.jpg, 0, 0, 0, 0, 0, 0, 1
S057_006_00000031_png.rf.a35e28868b76ddaa8258c43d532d4f25.jpg, 0, 0, 0, 0, 1, 0, 0
S130_007_00000018_png.rf.a58da130a301c9ba6587ee1be36edfa9.jpg, 1, 0, 0, 0, 0, 0, 0
S130_012_00000009_png.rf.a44e573cfaf90a67414e3492a9bba188.jpg, 0, 0, 1, 0, 0, 0, 0
S117_001_00000014_png.rf.a579d2820a980a80cffbc712dbaffdb3.jpg, 0, 0, 0, 0, 0, 0, 1
S501_006_00000040_png.rf.a89ce5bcac5a1b1ff4c60285bbc1f3aa.jpg, 0, 0, 0, 0, 0, 1, 0
S506_002_00000007_png.rf.aa9e8a4f26c621560acd1d72a3eff2f6.jpg, 0, 1, 0, 0, 0, 0, 0
S102_003_00000014_png.rf.a5bb8d3a23c597aa4b92b62b81bab899.jpg, 0, 0, 0, 1, 0, 0, 0
S113_008_00000023_png.rf.a640002b505cb53f4205ced3a2e7dc79.jpg, 1, 0, 0, 0, 0, 0, 0
S087_004_00000012_png.rf.a680e65910789882cea7793824c58bf5.jpg, 0, 0, 1, 0, 0, 0, 0
S045_005_00000028_png.rf.a7c8fe531677054a40df2f2a1d308b5f.jpg, 1, 0, 0, 0, 0, 0, 0
S022_005_00000030_png.rf.a82ab85eddff989c75ab7083458ef0b8.jpg, 1, 0, 0, 0, 0, 0, 0
S055_003_00000009_png.rf.aab1b31a24b0d4655f4e6ac5e3b3397e.jpg, 0, 0, 1, 0, 0, 0, 0
S045_004_00000014_png.rf.a9b776c548d949761535c72b6a9d62af.jpg, 0, 0, 1, 0, 0, 0, 0
S132_003_00000021_png.rf.a85064e9c824d7a82ffa17e88015a365.jpg, 0, 0, 0, 1, 0, 0, 0
S022_001_00000028_png.rf.a81c36a60f51bf1b6cab145662fa2854.jpg, 0, 0, 0, 0, 0, 0, 1
S081_008_00000009_png.rf.a8c65aeaaf62b47eb7c98632f3340072.jpg, 0, 0, 1, 0, 0, 0, 0
S079_002_00000012_png.rf.aa09399516496b5a12a2d36ee6093957.jpg, 0, 0, 1, 0, 0, 0, 0
S054_004_00000024_png.rf.b07975fa414843679159837171f7da5e.jpg, 0, 0, 1, 0, 0, 0, 0
S149_002_00000013_png.rf.a3d5c3183e058eba05ff2b2465d08bbb.jpg, 0, 1, 0, 0, 0, 0, 0
S106_006_00000011_png.rf.ac0d518a169a9212d407588364fbaa92.jpg, 0, 0, 0, 0, 1, 0, 0
S134_004_00000014_png.rf.aae2019e1c9d262e65216bba400bb915.jpg, 0, 0, 0, 0, 1, 0, 0
S097_001_00000021_png.rf.add7b47e314f199659b094c8aef4f6be.jpg, 0, 0, 0, 0, 0, 0, 1
S077_001_00000028_png.rf.af881988bacd487ffeb030189ec6ef7b.jpg, 0, 0, 0, 0, 0, 0, 1
S125_006_00000022_png.rf.ab0a7187633939700c49916cf421b7dd.jpg, 0, 0, 0, 1, 0, 0, 0
S046_003_00000015_png.rf.a844538d2c43631d0d7f589adeab2395.jpg, 0, 0, 0, 1, 0, 0, 0
S127_004_00000015_png.rf.abf05662b5d84687a5302321100074ae.jpg, 0, 0, 0, 0, 1, 0, 0
S127_001_00000015_png.rf.ace0bd34fa5081b811bc12d42b35db08.jpg, 0, 0, 0, 0, 0, 0, 1
S044_006_00000018_png.rf.afff898ab470255278d4098654f1f345.jpg, 0, 0, 1, 0, 0, 0, 0
S126_004_00000010_png.rf.b5151e6cc3e6a399b8590928981d01fd.jpg, 0, 0, 0, 0, 0, 0, 1
S115_001_00000006_png.rf.b103d80c6f605c02b093fd6978fd407b.jpg, 0, 0, 0, 0, 0, 0, 1
S133_009_00000005_png.rf.b228b42c83e95fd32e678b9a5d011804.jpg, 0, 0, 0, 0, 0, 0, 1
S115_004_00000016_png.rf.b5a2eb9318c43b37ba52433e35ea32db.jpg, 0, 0, 0, 0, 0, 1, 0
S070_002_00000016_png.rf.b235eea001ffbdf017b8d6900c95e856.jpg, 0, 0, 0, 0, 0, 0, 1
S034_001_00000029_png.rf.b64156cf0208c098a66137e0febcdd9a.jpg, 0, 0, 0, 0, 0, 0, 1
S132_008_00000010_png.rf.a8cbfae2c3760eda6ecab5785aee1eaf.jpg, 0, 0, 0, 0, 0, 0, 1
S100_005_00000022_png.rf.b3fc9cd246ffd00d98ef5350694a26aa.jpg, 1, 0, 0, 0, 0, 0, 0
S077_006_00000014_png.rf.b7bd95c4c3ebfe0eb591bda2ddeb5a1a.jpg, 0, 0, 1, 0, 0, 0, 0
S119_008_00000018_png.rf.b431b1c9893b5b844860427cb7848991.jpg, 1, 0, 0, 0, 0, 0, 0
S055_003_00000007_png.rf.b315b876a0c585583dfbbd5be3b04c52.jpg, 0, 0, 1, 0, 0, 0, 0
S071_004_00000026_png.rf.b7ab1b82fca511dfe7fef7f69a24b102.jpg, 1, 0, 0, 0, 0, 0, 0
S055_001_00000010_png.rf.b84ef0e5031b763ea6592f648f5fb2f5.jpg, 0, 0, 0, 0, 0, 0, 1
S037_003_00000022_png.rf.b85672cc32c55425a9592b8f3b7350ae.jpg, 1, 0, 0, 0, 0, 0, 0
S059_002_00000016_png.rf.b6cb1fa430d4ba8f40f4115ded95c31e.jpg, 0, 0, 0, 1, 0, 0, 0
S895_002_00000005_png.rf.b8f151bddda0e7695443d55c21316b76.jpg, 0, 1, 0, 0, 0, 0, 0
S109_005_00000014_png.rf.b9dfe3ed76543bd1e84778a764f9f8ca.jpg, 0, 0, 1, 0, 0, 0, 0
S064_003_00000025_png.rf.b5b8fd2398e92695452547f9c7e7fcd3.jpg, 0, 0, 0, 0, 1, 0, 0
S010_002_00000014_png.rf.b96471e9823bdf5849270e8b645942ff.jpg, 0, 0, 0, 0, 0, 0, 1
S052_004_00000031_png.rf.bc1eeee4e99cc08ba563c3d7ee92d92b.jpg, 0, 0, 0, 0, 1, 0, 0
S086_002_00000013_png.rf.b69dea239cb3e5188b9b66269254bfcb.jpg, 0, 0, 0, 0, 1, 0, 0
S068_005_00000019_png.rf.bd144358c011c28b9cef77bcf2bb7134.jpg, 0, 0, 1, 0, 0, 0, 0
S125_008_00000009_png.rf.bcccb2cee81533058c8631ee30bf7244.jpg, 0, 0, 1, 0, 0, 0, 0
S066_004_00000010_png.rf.b923d74e000113c2d0ad18edab39470e.jpg, 0, 0, 0, 0, 0, 1, 0
S057_006_00000032_png.rf.ba518922dcfbbfd15d061acc801967a7.jpg, 0, 0, 0, 0, 1, 0, 0
S056_004_00000018_png.rf.b6b6c2d9cba592057bc0fed453c3429c.jpg, 0, 0, 0, 0, 1, 0, 0
S034_001_00000028_png.rf.b9bf4b303f9083794cae0327ee9ed325.jpg, 0, 0, 0, 0, 0, 0, 1
S087_007_00000016_png.rf.bdfbbf0509e3da5d82ac4e8ffadcc4fc.jpg, 1, 0, 0, 0, 0, 0, 0
S075_008_00000010_png.rf.b6aa40ed90fff60b68e25e9a3f989619.jpg, 1, 0, 0, 0, 0, 0, 0
S158_002_00000010_png.rf.bce5a50c88dfaae8521edebaf3f558ac.jpg, 0, 1, 0, 0, 0, 0, 0
S149_002_00000012_png.rf.bbe7a85be1c6896cecac66e8844128f5.jpg, 0, 1, 0, 0, 0, 0, 0
S065_005_00000008_png.rf.bce4c1879d8f150cea66aaf17a058f79.jpg, 0, 0, 1, 0, 0, 0, 0
S138_005_00000014_png.rf.ba07543064b15f574ce6136250010742.jpg, 0, 0, 0, 0, 1, 0, 0
S055_005_00000045_png.rf.bd9bcc5d3fdadc14493b861b21e54159.jpg, 0, 0, 0, 0, 1, 0, 0
S059_002_00000015_png.rf.ba530cb777bc405205b00b60a4acb5fd.jpg, 0, 0, 0, 1, 0, 0, 0
S108_008_00000011_png.rf.b760cfd99dc347f5da215b3e143058d4.jpg, 0, 0, 0, 0, 1, 0, 0
S099_007_00000010_png.rf.ba51bc3a58a7b8914eb546f9253093ac.jpg, 0, 0, 1, 0, 0, 0, 0
S064_001_00000010_png.rf.be5b29a688867501baef7dc7a704cdc8.jpg, 0, 0, 0, 0, 0, 0, 1
S114_006_00000023_png.rf.bd3dcbc68898d8e411ae8860391301ce.jpg, 0, 0, 0, 0, 1, 0, 0
S097_006_00000019_png.rf.ba1e10647f531c5c74672b7545ccaa68.jpg, 0, 0, 0, 0, 1, 0, 0
S094_004_00000012_png.rf.bb6824779c088ead8b6a49a810882aa4.jpg, 0, 0, 0, 0, 1, 0, 0
S124_007_00000023_png.rf.becaab2d44a9ccf579a0750405a46056.jpg, 0, 0, 0, 0, 1, 0, 0
S109_003_00000017_png.rf.be1adf6cc40d429cd72035207307b433.jpg, 1, 0, 0, 0, 0, 0, 0
S046_004_00000017_png.rf.be23188608ce1037366a756b2733793e.jpg, 0, 0, 1, 0, 0, 0, 0
S065_003_00000022_png.rf.be5d27902efdbc6e33501698414d9fab.jpg, 0, 0, 0, 0, 0, 0, 1
S053_004_00000023_png.rf.be62803e6b5adc81dc850dcbcd350b3f.jpg, 0, 0, 0, 0, 1, 0, 0
S084_001_00000009_png.rf.c0bbfc156f2bf61d8bc8edcaf98bef3d.jpg, 0, 0, 0, 0, 0, 0, 1
S061_004_00000020_png.rf.b7c7385faa71f34bc34bf053a060ef27.jpg, 0, 0, 1, 0, 0, 0, 0
S131_003_00000024_png.rf.bf3f38b5cb9024b19a01eb745cc2a359.jpg, 0, 0, 0, 0, 0, 1, 0
S089_001_00000015_png.rf.beacb079fa96537af1e71bffda0b9d61.jpg, 0, 0, 0, 0, 0, 0, 1
S054_002_00000013_png.rf.bf1dd9ba7bd9a4c3d156ad20bfd3b1aa.jpg, 0, 0, 0, 1, 0, 0, 0
S134_004_00000015_png.rf.bfc47581fed5efdab15cd2e74cd28123.jpg, 0, 0, 0, 0, 1, 0, 0
S138_004_00000011_png.rf.bba5c031b44f651cbfa71cf99d533a6c.jpg, 0, 0, 0, 0, 0, 0, 1
S055_004_00000027_png.rf.c13e3f793a918faeed85c7372046dcd4.jpg, 1, 0, 0, 0, 0, 0, 0
S115_001_00000007_png.rf.bfb775460a7b645c525c5592f0888f12.jpg, 0, 0, 0, 0, 0, 0, 1
S107_005_00000009_png.rf.bd9668fcffc1e48d10d6d8877b943da4.jpg, 0, 0, 1, 0, 0, 0, 0
S151_002_00000029_png.rf.c2a3f8534a7e6c1a4b2b676fda82e009.jpg, 0, 1, 0, 0, 0, 0, 0
S052_004_00000033_png.rf.c65e3d5eb9d51b22f4636aa5f948d398.jpg, 0, 0, 0, 0, 1, 0, 0
S108_006_00000020_png.rf.c6b4ebab7438e0c44e4094af5d471733.jpg, 0, 0, 1, 0, 0, 0, 0
S501_001_00000066_png.rf.c40deb4806f44946c2d871c74a5fe9f2.jpg, 1, 0, 0, 0, 0, 0, 0
S075_002_00000014_png.rf.c29a47c94ffc5b0689929355bda2d2eb.jpg, 0, 0, 0, 0, 0, 0, 1
S082_007_00000008_png.rf.c5c4f0a1c8303e1d2dc7491215295e53.jpg, 0, 0, 1, 0, 0, 0, 0
S014_005_00000016_png.rf.c879afdcc8c3b9301593fb63081dc849.jpg, 0, 0, 0, 0, 1, 0, 0
S136_001_00000018_png.rf.c5a6cb61a893091a41d5738ee9a3ce13.jpg, 0, 0, 0, 0, 0, 0, 1
S138_007_00000009_png.rf.c889046c075998f9a6c8e342bf21572e.jpg, 0, 0, 0, 0, 0, 1, 0
S091_003_00000021_png.rf.c92d224966d37ef51d9da063cfe5075d.jpg, 0, 0, 0, 0, 1, 0, 0
S076_001_00000015_png.rf.c8bd7ba692591cfd156f6ea98b938e4a.jpg, 0, 0, 0, 0, 0, 0, 1
S114_006_00000022_png.rf.cab0cce75356f85f45a8d39b48e3e899.jpg, 0, 0, 0, 0, 1, 0, 0
S068_004_00000008_png.rf.c75ec0cffa76f361c81f900ff09143bf.jpg, 0, 0, 0, 1, 0, 0, 0
S079_004_00000025_png.rf.c9e8843fa08acc4c7849115f3e5c1593.jpg, 0, 0, 0, 0, 1, 0, 0
S063_001_00000013_png.rf.cadc056e53262ff2f2d0eebcde0e7491.jpg, 0, 0, 0, 0, 0, 0, 1
S046_001_00000024_png.rf.c59423a4d297634055d9a527b4365792.jpg, 0, 0, 0, 0, 0, 1, 0
S055_004_00000028_png.rf.c941c0d387a14e0828803a67ecf49920.jpg, 1, 0, 0, 0, 0, 0, 0
S070_002_00000014_png.rf.c2a9573871cd30612576d461ec9ff45f.jpg, 0, 0, 0, 0, 0, 0, 1
S055_001_00000011_png.rf.c79e9f06b2c42f6231b11e206a520cea.jpg, 0, 0, 0, 0, 0, 0, 1
S032_001_00000020_png.rf.c9fe01af91519571882fbefc03a4ae33.jpg, 0, 0, 0, 0, 0, 0, 1
S502_002_00000007_png.rf.cb05d714dc38847f53d4493ae0b77208.jpg, 0, 1, 0, 0, 0, 0, 0
S502_001_00000014_png.rf.c4d8fda061d26dda8a4945362d9871af.jpg, 1, 0, 0, 0, 0, 0, 0
S063_002_00000021_png.rf.c316384bccd90c00e28c24b69b566d87.jpg, 0, 0, 0, 0, 1, 0, 0
S502_001_00000015_png.rf.cb1410941639f155afcdd8ae162268b3.jpg, 1, 0, 0, 0, 0, 0, 0
S504_002_00000009_png.rf.cb2b89db4741c389b96951b3f02027cd.jpg, 0, 1, 0, 0, 0, 0, 0
S042_001_00000019_png.rf.cd53eecc96d89e76609679cb3a984d08.jpg, 0, 0, 0, 0, 0, 0, 1
S113_001_00000010_png.rf.ce0a749d646a87bb3f400c05d15d6c76.jpg, 0, 0, 0, 0, 0, 0, 1
S059_001_00000018_png.rf.c9dfb60296e185fd5bef56565a14f301.jpg, 0, 0, 0, 0, 0, 0, 1
S102_009_00000015_png.rf.cb49837261bf9718208dceb4a477a146.jpg, 0, 0, 1, 0, 0, 0, 0
S128_011_00000016_png.rf.d0813447c71a10d70a27907c49b7a475.jpg, 0, 0, 0, 0, 1, 0, 0
S056_003_00000008_png.rf.cb9b6d6100c1dc87ff9bfd68d8d9b90d.jpg, 0, 0, 0, 0, 0, 0, 1
S116_001_00000012_png.rf.cb3418b60231b929076ba8f76a334562.jpg, 0, 0, 0, 0, 0, 0, 1
S107_005_00000010_png.rf.cf2b028c3ea5ab74b79be52ec0de3531.jpg, 0, 0, 1, 0, 0, 0, 0
S080_005_00000012_png.rf.c7dd728ac67b6079d697bc14d1df8c8f.jpg, 0, 0, 0, 0, 0, 1, 0
S035_005_00000017_png.rf.d05e6f555bd38f9af9ae0f7e340dcf8b.jpg, 0, 0, 1, 0, 0, 0, 0
S064_004_00000013_png.rf.cde4ceac71984c1a982057615faebc91.jpg, 0, 0, 0, 0, 0, 1, 0
S070_005_00000015_png.rf.cb49d0a36fedc9327b77c8872ef0457a.jpg, 0, 0, 1, 0, 0, 0, 0
S065_004_00000028_png.rf.d03beb744cf5afa30ae0cd04171a633a.jpg, 0, 0, 0, 0, 1, 0, 0
S131_006_00000021_png.rf.d0e54c686b3e409dde45b13e998b5a30.jpg, 0, 0, 0, 0, 1, 0, 0
S072_006_00000021_png.rf.cced1016f307d5361483d504e79b25d4.jpg, 0, 0, 0, 0, 1, 0, 0
S065_003_00000020_png.rf.cea46977d7278701dc3603541e13c94d.jpg, 0, 0, 0, 0, 0, 0, 1
S081_001_00000017_png.rf.cff4a0f244b3faa69aee6d025947bc92.jpg, 0, 0, 0, 0, 0, 0, 1
S065_002_00000021_png.rf.d25e35c56a97f52975098c5de1acfdbe.jpg, 0, 0, 0, 1, 0, 0, 0
S066_002_00000020_png.rf.cf8e10b520054978ce06b50ccf737d47.jpg, 0, 0, 0, 0, 0, 0, 1
S132_008_00000008_png.rf.d1696caea758461d248ead626466a26f.jpg, 0, 0, 0, 0, 0, 0, 1
S112_005_00000015_png.rf.d25cacf637bb4d6c0770d567dfbc4a58.jpg, 1, 0, 0, 0, 0, 0, 0
S125_008_00000010_png.rf.ce05a9d0947b07d3ca7b7a4b3b7fe838.jpg, 0, 0, 1, 0, 0, 0, 0
S050_004_00000021_png.rf.d291824092b6acde3e92aadf792201f7.jpg, 1, 0, 0, 0, 0, 0, 0
S071_001_00000013_png.rf.d099c055d461eb82fa62c6e58bc7c684.jpg, 0, 0, 0, 0, 0, 0, 1
S068_002_00000015_png.rf.d29d2aeb4e88a249c7ff5fb2f0696a26.jpg, 0, 0, 0, 0, 1, 0, 0
S501_004_00000054_png.rf.d31d7c3ba0dcb7ea669b7bbaf2dc9b2a.jpg, 0, 0, 0, 1, 0, 0, 0
S073_001_00000011_png.rf.d299c6dc0182b9daecec8e81b2494fce.jpg, 0, 0, 0, 0, 0, 0, 1
S100_002_00000013_png.rf.d3214cf8603d41edc230e83c2871d92c.jpg, 0, 0, 0, 0, 0, 0, 1
S076_006_00000017_png.rf.d2b2e9529650ffa45804da9a6cb9b2cf.jpg, 0, 0, 0, 0, 1, 0, 0
S050_006_00000023_png.rf.da137f1534dfe1dd92cb608a1cb01bc3.jpg, 0, 0, 0, 0, 1, 0, 0
S127_004_00000016_png.rf.d39f73d025104c66bf910bf097eb68f3.jpg, 0, 0, 0, 0, 1, 0, 0
S113_003_00000014_png.rf.d0d54fd87ead4d5ff918256457920683.jpg, 0, 0, 0, 0, 0, 1, 0
S130_001_00000017_png.rf.d6306d44f3fdcbd449edf97e51af6a33.jpg, 0, 0, 0, 0, 0, 0, 1
S109_003_00000016_png.rf.d287eff01a36a417b2851ef071688ad2.jpg, 1, 0, 0, 0, 0, 0, 0
S139_002_00000011_png.rf.d55b86f5a55b9f1ec6ed9bfe3adc65b9.jpg, 0, 1, 0, 0, 0, 0, 0
S505_002_00000019_png.rf.d62ae005cbbc242b003d5990c03224a6.jpg, 0, 1, 0, 0, 0, 0, 0
S096_004_00000010_png.rf.d630017dc1973df764959f19f30eb427.jpg, 0, 0, 0, 0, 1, 0, 0
S079_001_00000010_png.rf.d95e89b4e21a3028ebe63a7d66917e97.jpg, 0, 0, 0, 0, 0, 0, 1
S062_004_00000022_png.rf.db211343a1e0a7a97518b15fdfe599d9.jpg, 0, 0, 0, 0, 1, 0, 0
S124_006_00000011_png.rf.d8521bbd129d072b67a6d1feb403b5ef.jpg, 0, 0, 1, 0, 0, 0, 0
S130_009_00000019_png.rf.d53f39ad639d9d774d718fe9824fe739.jpg, 0, 0, 0, 0, 0, 1, 0
S071_002_00000019_png.rf.d4b5bb56c1318973208e9c4eb1381870.jpg, 0, 0, 0, 0, 0, 1, 0
S124_003_00000010_png.rf.da84b2479768629bf04d7a12148c55f5.jpg, 0, 0, 0, 1, 0, 0, 0
S100_006_00000014_png.rf.d62e8eedcaab83dedcc04181edd41100.jpg, 0, 0, 0, 0, 1, 0, 0
S081_002_00000024_png.rf.d90c56bf830909804daff108d9b67a69.jpg, 0, 0, 0, 0, 0, 1, 0
S108_005_00000020_png.rf.dba9e3bb248b014ddbdd5ed71be9d153.jpg, 0, 0, 0, 0, 0, 1, 0
S064_004_00000014_png.rf.dc291f4ae230755310baac3d029d32ad.jpg, 0, 0, 0, 0, 0, 1, 0
S132_003_00000023_png.rf.dbe6c023822949d99f56914e2ed968fc.jpg, 0, 0, 0, 1, 0, 0, 0
S087_001_00000009_png.rf.db871f6e39b6dc0af9568a4446eef9b6.jpg, 0, 0, 0, 0, 0, 0, 1
S114_001_00000018_png.rf.ce83dd65841b000672a087e28bf16da6.jpg, 0, 0, 0, 0, 0, 0, 1
S113_001_00000011_png.rf.d780b95f270cb4232080870f08839288.jpg, 0, 0, 0, 0, 0, 0, 1
S127_001_00000017_png.rf.dd16536b7ebd733e45bdcb56c5604f63.jpg, 0, 0, 0, 0, 0, 0, 1
S081_002_00000022_png.rf.dc2dfe243101a21c77e19574fda1fb30.jpg, 0, 0, 0, 0, 0, 1, 0
S122_001_00000012_png.rf.dcd3f4eb71fe17128d2a76e00ba3346d.jpg, 0, 0, 0, 0, 0, 0, 1
S050_006_00000021_png.rf.dd31d8b52899ff85f0540b877831f4af.jpg, 0, 0, 0, 0, 1, 0, 0
S054_002_00000015_png.rf.ddbe6bee104c0266417d2c5cb9eff74c.jpg, 0, 0, 0, 1, 0, 0, 0
S086_002_00000015_png.rf.dc5b5feab34a56e2fd1fedb153b54907.jpg, 0, 0, 0, 0, 1, 0, 0
S113_003_00000013_png.rf.df8f2a55d73911c6325cb365a8b0036d.jpg, 0, 0, 0, 0, 0, 1, 0
S032_004_00000012_png.rf.df171b415d6c3144a4da1133db39059c.jpg, 0, 0, 0, 1, 0, 0, 0
S135_001_00000039_png.rf.dd6f93642352b574a7f28228dd226147.jpg, 0, 0, 0, 0, 0, 0, 1
S133_003_00000045_png.rf.de60363d1f856b0704c0b8be51368aab.jpg, 1, 0, 0, 0, 0, 0, 0
S051_002_00000019_png.rf.dfbc92990f33df49a73ab72d00a070eb.jpg, 0, 0, 0, 0, 0, 0, 1
S132_008_00000009_png.rf.deecbacee22f633f2527b5516dec7a7a.jpg, 0, 0, 0, 0, 0, 0, 1
S050_001_00000017_png.rf.e02fdacaf767107e98574e3d2dfd7bcb.jpg, 0, 0, 0, 1, 0, 0, 0
S132_002_00000017_png.rf.dd5b71957aef31724ab20d9dc16d83fc.jpg, 0, 0, 0, 0, 0, 1, 0
S156_002_00000020_png.rf.e4ce21e7597b3735028224e14fcb113d.jpg, 0, 1, 0, 0, 0, 0, 0
S080_005_00000011_png.rf.e0c5fecff1f9715a70c926f3231fb58d.jpg, 0, 0, 0, 0, 0, 1, 0
S506_004_00000038_png.rf.e4a74eebb73434052db9a7fea932a520.jpg, 0, 0, 0, 1, 0, 0, 0
S137_005_00000025_png.rf.e04369e76acf0ea6809813b856f7f370.jpg, 0, 0, 0, 0, 0, 1, 0
S090_006_00000009_png.rf.d5f1b7633c247a83c5d556247cd484f5.jpg, 0, 0, 1, 0, 0, 0, 0
S127_004_00000014_png.rf.e0665fb40462ecdd8a5b022db4c726e2.jpg, 0, 0, 0, 0, 1, 0, 0
S157_002_00000009_png.rf.e0f2b0add097d2ae38c8f539d7a72f57.jpg, 0, 1, 0, 0, 0, 0, 0
S501_006_00000041_png.rf.e10cd94b6f6a1fedb603436eff3504eb.jpg, 0, 0, 0, 0, 0, 1, 0
S097_001_00000019_png.rf.e30c046e20182981642f4e4d5b8ba7b2.jpg, 0, 0, 0, 0, 0, 0, 1
S076_005_00000012_png.rf.e4c254786a20592b856feebff03577a0.jpg, 0, 0, 1, 0, 0, 0, 0
S089_003_00000035_png.rf.e4f0aebd52d10fe15a98b111f649fce8.jpg, 1, 0, 0, 0, 0, 0, 0
S999_003_00000053_png.rf.e36a7ecdad60e986a4a46aabdf3c088a.jpg, 0, 0, 0, 1, 0, 0, 0
S506_001_00000038_png.rf.e5005cea07ae7d034383a8c7b350c2ad.jpg, 1, 0, 0, 0, 0, 0, 0
S108_006_00000019_png.rf.e149a4a671e39431087194c766b03687.jpg, 0, 0, 1, 0, 0, 0, 0
S116_007_00000015_png.rf.e83645d8c997a35717bb1e5bc4abd80a.jpg, 0, 0, 0, 0, 1, 0, 0
S071_006_00000014_png.rf.e54fa45d33d085fb49ebbbb3020a3fb4.jpg, 0, 0, 1, 0, 0, 0, 0
S114_001_00000016_png.rf.e5bd7fbc0b1e6747388ce5a3b106f7a5.jpg, 0, 0, 0, 0, 0, 0, 1
S115_008_00000016_png.rf.e84edd17077d160e0995e45d54b4a191.jpg, 0, 0, 0, 0, 1, 0, 0
S076_001_00000016_png.rf.de51c9cb6af85b9b57fe49b2c1d317f8.jpg, 0, 0, 0, 0, 0, 0, 1
S072_006_00000022_png.rf.e7737e6475fc3446fbf302751c97d427.jpg, 0, 0, 0, 0, 1, 0, 0
S058_001_00000019_png.rf.e9eb3cf8059002905832b4c7e096b53e.jpg, 0, 0, 0, 0, 0, 0, 1
S131_006_00000020_png.rf.ea32f4b9043bf68ddd3eaae4a95b72a9.jpg, 0, 0, 0, 0, 1, 0, 0
S999_001_00000018_png.rf.ec6d5385c609742e571516109bd12c87.jpg, 1, 0, 0, 0, 0, 0, 0
S077_006_00000012_png.rf.e90d11613e72392bcc2b0fc86f755e19.jpg, 0, 0, 1, 0, 0, 0, 0
S037_001_00000019_png.rf.ec46fc21c16887f9ba8ac6c4fa317dfc.jpg, 0, 0, 0, 0, 0, 0, 1
S060_003_00000017_png.rf.ec894da9fd75d41d8930af57a83ee01e.jpg, 0, 0, 0, 0, 0, 0, 1
S077_001_00000027_png.rf.ec24e5d4fb363a03b72a53cf57d5c3ec.jpg, 0, 0, 0, 0, 0, 0, 1
S070_005_00000016_png.rf.ecf84d5c17d9e1932f97214f8fa22e38.jpg, 0, 0, 1, 0, 0, 0, 0
S032_005_00000016_png.rf.ecb62d49b4020375ad6895e5c07e046c.jpg, 0, 0, 1, 0, 0, 0, 0
S065_002_00000022_png.rf.e8b2a48013833e5373a8904ac3ec4292.jpg, 0, 0, 0, 1, 0, 0, 0
S116_007_00000016_png.rf.ed6cfca385f0124a54076dfffc0b52ec.jpg, 0, 0, 0, 0, 1, 0, 0
S100_002_00000015_png.rf.ef26f41b24b008313ed3906163b5a325.jpg, 0, 0, 0, 0, 0, 0, 1
S055_006_00000006_png.rf.e5dc003a10d16519266735c53e386fb9.jpg, 0, 0, 0, 1, 0, 0, 0
S011_005_00000019_png.rf.ec48fad841afbfa40a47507f46288a14.jpg, 0, 0, 1, 0, 0, 0, 0
S054_004_00000022_png.rf.f0f888fe8002192b61a99a880e9d8de7.jpg, 0, 0, 1, 0, 0, 0, 0
S063_001_00000012_png.rf.f19eb9b1da759c963bc79f3065c21f46.jpg, 0, 0, 0, 0, 0, 0, 1
S044_001_00000023_png.rf.e602eb388ad5f7740c8327861112c54e.jpg, 0, 0, 0, 0, 0, 0, 1
S129_011_00000016_png.rf.ee28a4b14c1368a08b93374e5fc4eb48.jpg, 0, 0, 1, 0, 0, 0, 0
S089_001_00000014_png.rf.e84111be133db06091450b07fc573b42.jpg, 0, 0, 0, 0, 0, 0, 1
S069_002_00000012_png.rf.ee50b67a0feb9afaddcfab4ab8e20c73.jpg, 0, 0, 0, 0, 0, 0, 1
S117_001_00000012_png.rf.ef68f597ca4773ce4f8396fe8c7bc6e0.jpg, 0, 0, 0, 0, 0, 0, 1
S136_005_00000008_png.rf.ece8845c90af2bed304af9ef14a9ce0e.jpg, 1, 0, 0, 0, 0, 0, 0
S042_002_00000016_png.rf.ef9665c12d5ce5af6442c3f7f081ddf9.jpg, 0, 0, 0, 0, 0, 1, 0
S076_001_00000017_png.rf.ed90f1cb92e56bb8b8054f80aa5a5e4d.jpg, 0, 0, 0, 0, 0, 0, 1
S053_001_00000022_png.rf.f086e1538f6ff923dad7f32576666eeb.jpg, 0, 0, 0, 0, 0, 0, 1
S092_003_00000013_png.rf.f344985c5b66a6766fbd080ae875b285.jpg, 1, 0, 0, 0, 0, 0, 0
S125_006_00000021_png.rf.f36a5d7080d4b6abe83758a8518c59b3.jpg, 0, 0, 0, 1, 0, 0, 0
S504_006_00000018_png.rf.f3caf20f81c73523ff3a8a104dacc6cc.jpg, 0, 0, 0, 0, 0, 1, 0
S062_002_00000016_png.rf.ec44897ce3bc53e9e74dca4069929350.jpg, 0, 0, 0, 0, 0, 0, 1
S501_006_00000039_png.rf.ef4800efba517dfe95797a92e7b4dc83.jpg, 0, 0, 0, 0, 0, 1, 0
S026_006_00000011_png.rf.edd6963adba69c8f21d7fb7d0fdd938a.jpg, 0, 0, 0, 0, 1, 0, 0
S091_003_00000020_png.rf.f20ff70bdbb7347b26d1daef8c2d136c.jpg, 0, 0, 0, 0, 1, 0, 0
S503_006_00000020_png.rf.ed1977da0e9edfb035691d42194deace.jpg, 0, 0, 0, 0, 0, 1, 0
S502_004_00000052_png.rf.f43346b3812dc901fa77573a0cc5ee6c.jpg, 0, 0, 0, 1, 0, 0, 0
S050_004_00000020_png.rf.f40ae9df6abbc464de512b6fcbf9d606.jpg, 1, 0, 0, 0, 0, 0, 0
S082_005_00000015_png.rf.f4336b643c8a36d10175fc59adc2f76b.jpg, 1, 0, 0, 0, 0, 0, 0
S081_002_00000023_png.rf.3c82fd54132ef0e35d21f6bc46d5e258.jpg, 0, 0, 0, 0, 0, 1, 0
S504_001_00000020_png.rf.3da685230554e6c211bafb8597383ea2.jpg, 1, 0, 0, 0, 0, 0, 0
S154_002_00000011_png.rf.3de16c11507cb30c95025afabc71a90b.jpg, 0, 1, 0, 0, 0, 0, 0
S010_002_00000013_png.rf.3e1f7fcd4f8819b3098296bcdd7c86bc.jpg, 0, 0, 0, 0, 0, 0, 1
S066_002_00000021_png.rf.3e21154ba4ddd05d95d8f371ed6ea01b.jpg, 0, 0, 0, 0, 0, 0, 1
S111_007_00000014_png.rf.3e64ba831ef34a3039fe4b6b42da7b5d.jpg, 0, 0, 1, 0, 0, 0, 0
S111_006_00000009_png.rf.4038b50c1a40c856fbbcba38a9563990.jpg, 1, 0, 0, 0, 0, 0, 0
S026_003_00000013_png.rf.40b7c06c196150cf446e51bf79b7a1e3.jpg, 1, 0, 0, 0, 0, 0, 0
S110_001_00000013_png.rf.41af44016a0d3104b69443481780bc60.jpg, 0, 0, 0, 0, 0, 0, 1
S138_001_00000011_png.rf.41d8c1eea35b6deff1ba53c07396626c.jpg, 0, 0, 0, 1, 0, 0, 0
S136_005_00000010_png.rf.42e403ffdc837644f5e937621bcd6723.jpg, 1, 0, 0, 0, 0, 0, 0
S503_001_00000071_png.rf.4575567a15105198515d5211cda60009.jpg, 1, 0, 0, 0, 0, 0, 0
S011_005_00000018_png.rf.43fdf168ec97eac231f2e6fcae2602b7.jpg, 0, 0, 1, 0, 0, 0, 0
S132_003_00000022_png.rf.4624c81068c239f48c153a38d96f9dc2.jpg, 0, 0, 0, 1, 0, 0, 0
S074_005_00000042_png.rf.468de3ac5b7109d5c32576e48c80fcbc.jpg, 0, 0, 0, 0, 1, 0, 0
S046_002_00000004_png.rf.4328d7936ff81b485052481b47ce7bd6.jpg, 0, 0, 0, 0, 0, 0, 1
S044_006_00000017_png.rf.46bc839fa0ddc0799e2c204cff43b452.jpg, 0, 0, 1, 0, 0, 0, 0
S087_007_00000014_png.rf.4665b8a22415c3df0d341482716dd024.jpg, 1, 0, 0, 0, 0, 0, 0
S090_002_00000009_png.rf.46abc866c25771a17a64a5f078ed3eb8.jpg, 0, 0, 0, 0, 0, 0, 1
S056_002_00000010_png.rf.47731391308bc7ac16fe45ce28beb69a.jpg, 0, 0, 1, 0, 0, 0, 0
S506_002_00000008_png.rf.471a30036c19386cb90414ae62314850.jpg, 0, 1, 0, 0, 0, 0, 0
S098_003_00000013_png.rf.488013dc184bdab8417695168e640bfd.jpg, 0, 0, 1, 0, 0, 0, 0
S059_001_00000017_png.rf.497b504d3729d61d26cfa5d6271e3553.jpg, 0, 0, 0, 0, 0, 0, 1
S067_006_00000011_png.rf.4c94125ca32eba5fedaee8e1e9d55df3.jpg, 0, 0, 1, 0, 0, 0, 0
S052_001_00000013_png.rf.4d184a7991425f0902a470d663b3997b.jpg, 0, 0, 0, 0, 0, 0, 1
S011_006_00000011_png.rf.4a51d39780ed39fb0408f2fc3bafa822.jpg, 0, 0, 0, 0, 1, 0, 0
S505_006_00000018_png.rf.4d08d2ee3cec1bd5530e9980c74055f3.jpg, 0, 0, 0, 0, 0, 1, 0
S094_001_00000009_png.rf.504258e542f3390ce577ae9d06f6bcf1.jpg, 0, 0, 0, 0, 0, 0, 1
S136_003_00000012_png.rf.4dc14cb886bb26e88103451e05edd11f.jpg, 0, 0, 0, 0, 0, 1, 0
S072_005_00000017_png.rf.4d290e052d8299e118273de15bb89a8d.jpg, 1, 0, 0, 0, 0, 0, 0
S116_006_00000006_png.rf.4c9abf5fba79595abc1ad2f7673fe8ec.jpg, 0, 0, 1, 0, 0, 0, 0
S092_004_00000022_png.rf.4f395756998c6080f257b59c85ac1779.jpg, 0, 0, 0, 0, 1, 0, 0
S057_001_00000019_png.rf.4b2f177f8c0c360d1ea26b7e1967a142.jpg, 0, 0, 0, 0, 0, 0, 1
S148_002_00000014_png.rf.487549a6547f6a3efea22ec79b775a59.jpg, 0, 1, 0, 0, 0, 0, 0
S094_001_00000008_png.rf.4f48099a5f4dacb21f2b628bf40ac783.jpg, 0, 0, 0, 0, 0, 0, 1
S078_004_00000027_png.rf.507321f823fb5f75db5213fd6e8a3809.jpg, 0, 0, 0, 0, 1, 0, 0
S035_005_00000019_png.rf.47f170a035d38402ba073fb74a309bfe.jpg, 0, 0, 1, 0, 0, 0, 0
S081_001_00000019_png.rf.517d36371f7b3cccf35c188fb4451862.jpg, 0, 0, 0, 0, 0, 0, 1
S111_001_00000013_png.rf.5144e42737e329b6c79d45c1ce1bcf33.jpg, 0, 0, 0, 0, 0, 0, 1
S503_006_00000018_png.rf.4f31dc5016540de49dca49ef03a3f10a.jpg, 0, 0, 0, 0, 0, 1, 0
S074_004_00000016_png.rf.4efb86f28986b3039edc5082d19e5ffd.jpg, 0, 0, 1, 0, 0, 0, 0
S098_003_00000012_png.rf.5191fe15eeeb9c20444d1956b85a3d6c.jpg, 0, 0, 1, 0, 0, 0, 0
S132_005_00000015_png.rf.4b53dee288efc09a053b0128056111ee.jpg, 0, 0, 1, 0, 0, 0, 0
S102_002_00000016_png.rf.51cce06646f5ca0a5f4bdbaf0145dcff.jpg, 0, 0, 0, 0, 0, 0, 1
S010_004_00000017_png.rf.475cd52fd628c0b490f607d7666ed993.jpg, 1, 0, 0, 0, 0, 0, 0
S108_005_00000022_png.rf.4fcbf947d8742c5f3e2a3b7c5116b12a.jpg, 0, 0, 0, 0, 0, 1, 0
S125_001_00000014_png.rf.4b3f3c4a7f9300ec947aed573c627eda.jpg, 0, 0, 0, 0, 0, 1, 0
S071_001_00000012_png.rf.523943585d7b051a752eb2781e7ec4d4.jpg, 0, 0, 0, 0, 0, 0, 1
S054_002_00000014_png.rf.5445ebb1c854a889418cc8cd07eab3bf.jpg, 0, 0, 0, 1, 0, 0, 0
S053_004_00000024_png.rf.4b6f57e9123fb7fe9c2131d04ba58241.jpg, 0, 0, 0, 0, 1, 0, 0
S026_006_00000013_png.rf.540a07c23b8bc7b66206d7a2d72a32e7.jpg, 0, 0, 0, 0, 1, 0, 0
S060_003_00000016_png.rf.54e7b05809d7382d43bcb09cd52528d9.jpg, 0, 0, 0, 0, 0, 0, 1
S026_006_00000012_png.rf.5977dc7d509e073f1b45312c1a34cb23.jpg, 0, 0, 0, 0, 1, 0, 0
S106_004_00000008_png.rf.559f4e57f218c1375e7d747ccd42f8e1.jpg, 0, 0, 1, 0, 0, 0, 0
S010_004_00000019_png.rf.551fa0869706e0530274a4310d7be288.jpg, 1, 0, 0, 0, 0, 0, 0
S085_004_00000017_png.rf.5a45b16f97b8ac6bf21159b840182191.jpg, 0, 0, 1, 0, 0, 0, 0
S076_005_00000011_png.rf.59bf5b73cfc9abc260dcab3b37c21bb9.jpg, 0, 0, 1, 0, 0, 0, 0
S129_011_00000017_png.rf.599a6287ced6c6144eadf38fe99c3b04.jpg, 0, 0, 1, 0, 0, 0, 0
S133_003_00000046_png.rf.54cd4240f0e76b9231fa0f28f570ad9a.jpg, 1, 0, 0, 0, 0, 0, 0
S014_002_00000014_png.rf.5992cb2d2d9b525ec2691b746f097414.jpg, 0, 0, 0, 0, 0, 1, 0
S050_001_00000016_png.rf.591d1aa4a2292344f4ae191006b9c222.jpg, 0, 0, 0, 1, 0, 0, 0
S051_003_00000016_png.rf.595a937bdf49aacb55067ee5d0647da6.jpg, 0, 0, 1, 0, 0, 0, 0
S504_004_00000014_png.rf.5a6a748eebb3bf371344233331e948d4.jpg, 0, 0, 0, 1, 0, 0, 0
S092_004_00000024_png.rf.5613404550b84ecd361c04ad22be052c.jpg, 0, 0, 0, 0, 1, 0, 0
S011_003_00000013_png.rf.5202bb9df59543157f9702d36ef9582d.jpg, 0, 0, 0, 1, 0, 0, 0
S093_001_00000020_png.rf.5ae0f5c93629855bd4898d2d52e33d16.jpg, 0, 0, 0, 0, 0, 1, 0
S065_004_00000026_png.rf.5e0b4799f8b165d2910386fc0740d5bb.jpg, 0, 0, 0, 0, 1, 0, 0
S895_002_00000007_png.rf.5eb4453c08ebcbc06f4fc7920fb3042d.jpg, 0, 1, 0, 0, 0, 0, 0
S116_001_00000013_png.rf.55bb527547f418641818a62dc5e4abef.jpg, 0, 0, 0, 0, 0, 0, 1
S069_002_00000013_png.rf.5d6c5e80aeb530f7bb1d7a25cde994fe.jpg, 0, 0, 0, 0, 0, 0, 1
S060_002_00000025_png.rf.5cbba0a0c10f6ec7cfc0ff349f4ccbe0.jpg, 0, 0, 0, 0, 1, 0, 0
S110_001_00000012_png.rf.5f1504242d5a618e0c758fe1c7e42fa5.jpg, 0, 0, 0, 0, 0, 0, 1
S108_006_00000018_png.rf.5da7cdfd03fa7c698a20f670259ec15b.jpg, 0, 0, 1, 0, 0, 0, 0
S087_007_00000015_png.rf.5f138fedcfd5a39680783d262d2205f5.jpg, 1, 0, 0, 0, 0, 0, 0
S069_002_00000014_png.rf.5f2a0de0016c07c789059dc960627f08.jpg, 0, 0, 0, 0, 0, 0, 1
S060_002_00000026_png.rf.60c848ec9c8360a260628074440c17d1.jpg, 0, 0, 0, 0, 1, 0, 0
S071_005_00000021_png.rf.5fadfb95567fe1369c1f598fe29671af.jpg, 0, 0, 0, 0, 1, 0, 0
S081_008_00000010_png.rf.5f7ac36c586864d661086c6bc8564c49.jpg, 0, 0, 1, 0, 0, 0, 0
S116_006_00000005_png.rf.57fe29e5d2dadcbf09e976a4050fd743.jpg, 0, 0, 1, 0, 0, 0, 0
S109_006_00000015_png.rf.5fcc8a1a99036e91f8c8baeb5fbd5c4d.jpg, 0, 0, 0, 0, 1, 0, 0
S112_005_00000017_png.rf.602fce491cc8b1655cb3499c34461d84.jpg, 1, 0, 0, 0, 0, 0, 0
S099_001_00000013_png.rf.608e82b332dd7004c92fae36634538a5.jpg, 0, 0, 0, 0, 0, 0, 1
S100_005_00000021_png.rf.5f38125dd5e89d8e0a6e64d778d61f59.jpg, 1, 0, 0, 0, 0, 0, 0
S014_001_00000029_png.rf.613d17e685dcfce5b5bd47350c1ae691.jpg, 0, 0, 0, 0, 0, 0, 1
S085_003_00000012_png.rf.64453372a2b4b6b513bce48fa123d974.jpg, 0, 0, 0, 0, 0, 0, 1
S079_001_00000012_png.rf.6487bd93a425db7fb7b470cbcadc9cf8.jpg, 0, 0, 0, 0, 0, 0, 1
S067_005_00000022_png.rf.63f33d2bb628cd0244abe23a13f103be.jpg, 0, 0, 0, 0, 1, 0, 0
S014_003_00000028_png.rf.63c90606524b44befb03937b0c428b2b.jpg, 1, 0, 0, 0, 0, 0, 0
S054_003_00000005_png.rf.5f1e3a7efa69e438f3e58aae3343a100.jpg, 0, 0, 0, 0, 0, 0, 1
S050_002_00000018_png.rf.64c007120cb7e7d09851ecc82417a352.jpg, 0, 0, 0, 0, 0, 0, 1
S133_009_00000004_png.rf.642484084f272738236055e196b46c18.jpg, 0, 0, 0, 0, 0, 0, 1
S071_005_00000020_png.rf.61622b39ed3c47e3aae35bf9cf5b0878.jpg, 0, 0, 0, 0, 1, 0, 0
S071_002_00000018_png.rf.658510d555445dfe608d24ae7eb9a511.jpg, 0, 0, 0, 0, 0, 1, 0
S056_002_00000008_png.rf.65300ef2cc80e913dc31e175ce15f646.jpg, 0, 0, 1, 0, 0, 0, 0
S064_003_00000024_png.rf.65ccc40a9bebc090c4a51f8fc1537a52.jpg, 0, 0, 0, 0, 1, 0, 0
S136_001_00000017_png.rf.64c2bf2bdfef286e4303bffd45bb6488.jpg, 0, 0, 0, 0, 0, 0, 1
S137_001_00000014_png.rf.67fabcd5a9b49c22c085668e2606d03e.jpg, 0, 0, 0, 0, 0, 0, 1
S132_002_00000018_png.rf.64a41a4e31784b4be34f56b9f7b98525.jpg, 0, 0, 0, 0, 0, 1, 0
S131_010_00000018_png.rf.67b251f5c19dc58313ba984cf717ddec.jpg, 0, 0, 1, 0, 0, 0, 0
S089_001_00000016_png.rf.681fbf85dfe90e3410b28f8631a770bf.jpg, 0, 0, 0, 0, 0, 0, 1
S064_004_00000012_png.rf.6854f2be32b6fdeeabf8cdc8b80b9f1d.jpg, 0, 0, 0, 0, 0, 1, 0
S075_006_00000023_png.rf.66e84c52cb85d48ea8ad509ea0df7304.jpg, 0, 0, 0, 0, 1, 0, 0
S090_006_00000010_png.rf.694e826caf22271ca9e129fe4ba37464.jpg, 0, 0, 1, 0, 0, 0, 0
S109_005_00000012_png.rf.630dd9fbc2670f9e165aeeac9739558e.jpg, 0, 0, 1, 0, 0, 0, 0
S022_005_00000032_png.rf.67b00b9e36cd08a3080be998383ac16c.jpg, 1, 0, 0, 0, 0, 0, 0
S044_001_00000024_png.rf.6102c0df5689a9f561d2dec5c3d748ef.jpg, 0, 0, 0, 0, 0, 0, 1
S135_001_00000038_png.rf.6279d42cd5f329e11009c7d86891c669.jpg, 0, 0, 0, 0, 0, 0, 1
S158_002_00000009_png.rf.6b7f404e81609cf09f390a86743acd25.jpg, 0, 1, 0, 0, 0, 0, 0
S124_007_00000024_png.rf.6ba192d60d668a2fe97ff0a1e74a9521.jpg, 0, 0, 0, 0, 1, 0, 0
S128_011_00000015_png.rf.6a37ce16059fe1172b4bb264c5b4f887.jpg, 0, 0, 0, 0, 1, 0, 0
S106_002_00000014_png.rf.669e7d15cfc0e04cf8f1f021bcc98c29.jpg, 0, 0, 0, 0, 0, 1, 0
S091_001_00000014_png.rf.6aaf40df1ad69328aa30a4032e480bfb.jpg, 0, 0, 0, 1, 0, 0, 0
S503_002_00000008_png.rf.6b4a3b030bba9ce881ec52df1e8732a8.jpg, 0, 1, 0, 0, 0, 0, 0
S506_001_00000039_png.rf.6e2c62dc003b8e6dc14b290066cc8630.jpg, 1, 0, 0, 0, 0, 0, 0
S061_004_00000021_png.rf.6dbbd8890850bb4df1f73e2464d9be2d.jpg, 0, 0, 1, 0, 0, 0, 0
S106_002_00000016_png.rf.6f60d6847486efa19d3b31d37307076e.jpg, 0, 0, 0, 0, 0, 1, 0
S010_006_00000015_png.rf.69e60bc57753e9ec44f745bc2fd845fe.jpg, 0, 0, 0, 0, 1, 0, 0
S078_007_00000013_png.rf.719f0bc932a0cd10f8d9418a7dc6e6ea.jpg, 0, 0, 1, 0, 0, 0, 0
S506_002_00000009_png.rf.6ead7669d906833c9a0354951503452b.jpg, 0, 1, 0, 0, 0, 0, 0
S067_005_00000020_png.rf.672e6cd013b9078866da9dbf8a6faa81.jpg, 0, 0, 0, 0, 1, 0, 0
S080_005_00000013_png.rf.6b2487b7a0d4da4486bac6039a15271e.jpg, 0, 0, 0, 0, 0, 1, 0
S156_002_00000021_png.rf.5e86ea8b42278a8df49d1b1fbca922a3.jpg, 0, 1, 0, 0, 0, 0, 0
S105_008_00000010_png.rf.6fa3bd94405febf31b2e22f75fb846f2.jpg, 0, 0, 1, 0, 0, 0, 0
S073_006_00000013_png.rf.6a173c518566da00b325a97105333568.jpg, 0, 0, 1, 0, 0, 0, 0
S505_006_00000019_png.rf.63199ea312ce68675fe12f455d9fa2b6.jpg, 0, 0, 0, 0, 0, 1, 0
S011_006_00000012_png.rf.70f66d676e9b36504ec763c9345523ee.jpg, 0, 0, 0, 0, 1, 0, 0
S155_002_00000012_png.rf.6b89a3593f54ca9afa630791e7c2444b.jpg, 0, 1, 0, 0, 0, 0, 0
S074_001_00000020_png.rf.6c6d6ffb2395afa67b22be15b7b20c33.jpg, 0, 0, 0, 1, 0, 0, 0
S116_006_00000007_png.rf.71b02e7ba15a473cdafa84f3c78bb7c9.jpg, 0, 0, 1, 0, 0, 0, 0
S130_009_00000018_png.rf.725719b67e05d07bd1494b116e16ce3b.jpg, 0, 0, 0, 0, 0, 1, 0
S076_005_00000010_png.rf.68b39157d7f8e0792531d19642758a1e.jpg, 0, 0, 1, 0, 0, 0, 0
S107_001_00000008_png.rf.6abfb898c66b96cf28ddd6cb2b2934d5.jpg, 0, 0, 0, 0, 0, 0, 1
S506_004_00000037_png.rf.76750573c70a3cf06bf920d945cc3635.jpg, 0, 0, 0, 1, 0, 0, 0
S034_005_00000010_png.rf.76c7a9f273a343fc26ba92594d1f6995.jpg, 0, 0, 0, 0, 1, 0, 0
S032_005_00000014_png.rf.768be0f99a79f0c7b9f696d6f75a3a9e.jpg, 0, 0, 1, 0, 0, 0, 0
S128_011_00000014_png.rf.75888c10feb8ce571080c9761555875e.jpg, 0, 0, 0, 0, 1, 0, 0
S094_001_00000010_png.rf.74bf5b8e267c46aa12d8a273f6750262.jpg, 0, 0, 0, 0, 0, 0, 1
S056_004_00000020_png.rf.793dcaa8a1a72d0437ced6e55c62206b.jpg, 0, 0, 0, 0, 1, 0, 0
S082_005_00000017_png.rf.6fdb55e82181477cc5e4a30cd24262e9.jpg, 1, 0, 0, 0, 0, 0, 0
S029_001_00000019_png.rf.75aff3b202ed5f69624be1e761aa2f19.jpg, 1, 0, 0, 0, 0, 0, 0
S084_002_00000023_png.rf.7a4125c89f26f40b20c76410b8b9cef2.jpg, 0, 0, 0, 1, 0, 0, 0
S135_012_00000018_png.rf.763a6269e1e7838b3a684c21af6bafee.jpg, 0, 0, 0, 0, 1, 0, 0
S133_010_00000012_png.rf.743ebb95719acaa00e5ce5df3521fea0.jpg, 0, 0, 0, 0, 1, 0, 0
S099_001_00000012_png.rf.780466583dd8aa2ed8d99be6f3345edb.jpg, 0, 0, 0, 0, 0, 0, 1
S052_006_00000013_png.rf.797094b3fc731eaa8071dcd42f78854e.jpg, 0, 0, 1, 0, 0, 0, 0
S067_006_00000009_png.rf.7997c765d2ff8ae33cedeb1b97eadf31.jpg, 0, 0, 1, 0, 0, 0, 0
S092_001_00000015_png.rf.7b3db208c89bebf16b2aed2ef3040624.jpg, 0, 0, 0, 0, 0, 0, 1
S136_006_00000020_png.rf.7ac04d5751ca8d1ac4389ecfed732908.jpg, 0, 0, 0, 0, 1, 0, 0
S005_001_00000010_png.rf.7a04e73e6e1479910c52a309e09dbefa.jpg, 0, 0, 1, 0, 0, 0, 0
S073_006_00000014_png.rf.778d7912f04b0646f70f8851baecf957.jpg, 0, 0, 1, 0, 0, 0, 0
S029_001_00000018_png.rf.7cef41864fe10f286e15022bf621362a.jpg, 1, 0, 0, 0, 0, 0, 0
S122_001_00000011_png.rf.772beeb36ae163d688cc9dc469ac5b7f.jpg, 0, 0, 0, 0, 0, 0, 1
S085_004_00000016_png.rf.76740f29c338cba0e6d382e2e925bc10.jpg, 0, 0, 1, 0, 0, 0, 0
S506_006_00000042_png.rf.76a2a60801ccb74cc570af0a0ba69560.jpg, 0, 0, 0, 0, 0, 1, 0
S102_002_00000017_png.rf.7b52aa6b43ddc7e97dd9c2527ff9bb75.jpg, 0, 0, 0, 0, 0, 0, 1
S062_005_00000027_png.rf.7dfc601813848de92608e52fa2f7e667.jpg, 0, 0, 1, 0, 0, 0, 0
S044_001_00000022_png.rf.7c6ec3e525b73c013bd301a93f13720b.jpg, 0, 0, 0, 0, 0, 0, 1
S155_002_00000010_png.rf.7ca4747e60c4d95e19e2f449e66fec0c.jpg, 0, 1, 0, 0, 0, 0, 0
S130_012_00000010_png.rf.7dbd28afa38e19f471cbe1bfadf4701e.jpg, 0, 0, 1, 0, 0, 0, 0
S095_006_00000012_png.rf.7d9a52c8b5b13e13d430f3d97f1cf9fb.jpg, 0, 0, 1, 0, 0, 0, 0
S022_001_00000029_png.rf.7dc883e9a69b68d92d6747fb89291763.jpg, 0, 0, 0, 0, 0, 0, 1
S102_009_00000013_png.rf.7e7a5c05c4b2a446f458d0d371762983.jpg, 0, 0, 1, 0, 0, 0, 0
S042_001_00000018_png.rf.7e51ce169926f3f3bb4f09ae20a72d20.jpg, 0, 0, 0, 0, 0, 0, 1
S095_001_00000016_png.rf.7ae08ad8da458f016d968060f133a15e.jpg, 0, 0, 0, 0, 0, 0, 1
S090_007_00000012_png.rf.741f20914d04714cce8afa762f59154e.jpg, 1, 0, 0, 0, 0, 0, 0
S075_002_00000013_png.rf.7e736e4fe052b1e9105304db4c202eec.jpg, 0, 0, 0, 0, 0, 0, 1
S011_006_00000013_png.rf.7f0512d9d99a8f3f5629dbadcbe4a20a.jpg, 0, 0, 0, 0, 1, 0, 0
S011_004_00000021_png.rf.7f9fc789ee0a9a5a8397637823a3956d.jpg, 1, 0, 0, 0, 0, 0, 0
S071_006_00000012_png.rf.7fec80738e860d0d1373c57fa9d0c52e.jpg, 0, 0, 1, 0, 0, 0, 0
S130_012_00000011_png.rf.808d3e13fec2fc92d5946cca6acced7d.jpg, 0, 0, 1, 0, 0, 0, 0
S082_007_00000010_png.rf.809c95913f32408b431baf70bb6c0764.jpg, 0, 0, 1, 0, 0, 0, 0
S032_004_00000014_png.rf.7ebfeb6893564fbcb51ac3f6917eec8b.jpg, 0, 0, 0, 1, 0, 0, 0
S136_005_00000009_png.rf.7ff757cc65f192b5c7ee95ced260543c.jpg, 1, 0, 0, 0, 0, 0, 0
S068_004_00000009_png.rf.81856affa91cbb418685c4fdd8b14699.jpg, 0, 0, 0, 1, 0, 0, 0
S011_001_00000014_png.rf.81b5e5f25b3a713cfbbcb7e85c1a9865.jpg, 0, 0, 0, 0, 0, 0, 1
S128_004_00000012_png.rf.826b01d0e9d7edee1aed40b526bb2302.jpg, 0, 0, 1, 0, 0, 0, 0
S114_001_00000017_png.rf.7fe52fd2d17089b10ed1082943f23a8d.jpg, 0, 0, 0, 0, 0, 0, 1
S091_003_00000019_png.rf.7f75f85f4f4ce54da1d5288903dee699.jpg, 0, 0, 0, 0, 1, 0, 0
S062_004_00000024_png.rf.7d0cb1ee6dede9086b7e8350e7965890.jpg, 0, 0, 0, 0, 1, 0, 0
S088_001_00000016_png.rf.8215e46e789435dc0b43d015c2032b0d.jpg, 0, 0, 0, 0, 0, 0, 1
S014_002_00000016_png.rf.8362fdb534fde89cdd38bbb37d05859a.jpg, 0, 0, 0, 0, 0, 1, 0
S115_004_00000017_png.rf.808a29bb146a9a2171b42f40ec925722.jpg, 0, 0, 0, 0, 0, 1, 0
S060_002_00000024_png.rf.85a2ecc677c6618417ca1aac6b8ca02a.jpg, 0, 0, 0, 0, 1, 0, 0
S065_005_00000007_png.rf.83b63604aaa9d9ec1dac9fed02edddfe.jpg, 0, 0, 1, 0, 0, 0, 0
S132_006_00000021_png.rf.84e7f7e8ee1ad6116aeaa4510c32a3e1.jpg, 0, 0, 0, 0, 1, 0, 0
S022_006_00000017_png.rf.82e4f529ca622da46836c910ae2784ed.jpg, 0, 0, 1, 0, 0, 0, 0
S075_006_00000025_png.rf.83c1429cba58078dba2edc458aff100c.jpg, 0, 0, 0, 0, 1, 0, 0
S131_001_00000014_png.rf.8736b960df9d310ca90e1d79c4d67e91.jpg, 0, 0, 0, 0, 0, 0, 1
S074_001_00000019_png.rf.7e5545c549f3228b248946fcaa033862.jpg, 0, 0, 0, 1, 0, 0, 0
S062_004_00000023_png.rf.825cf9e1e840130bea910a501177f899.jpg, 0, 0, 0, 0, 1, 0, 0
S124_001_00000014_png.rf.85be38c56d3ae0db7bb052884d8a0278.jpg, 0, 0, 0, 0, 0, 0, 1
S127_010_00000016_png.rf.70c18c9c5f09fc20e872723855b48460.jpg, 1, 0, 0, 0, 0, 0, 0
S071_005_00000019_png.rf.870515b2dae95ac60338e2a7614d2619.jpg, 0, 0, 0, 0, 1, 0, 0
S147_002_00000011_png.rf.87d6e708c5af2e895c45f72398d9ef42.jpg, 0, 1, 0, 0, 0, 0, 0
S046_003_00000014_png.rf.87a461e2b2538baa1e4bcb29660bde2f.jpg, 0, 0, 0, 1, 0, 0, 0
S082_001_00000013_png.rf.877bbb45a23f47528a1ca778f6b48f32.jpg, 0, 0, 0, 0, 0, 0, 1
S097_004_00000030_png.rf.7d8e1816c344853a25f63379a0e1dbd7.jpg, 0, 0, 1, 0, 0, 0, 0
S130_013_00000014_png.rf.87ef61ad1465b43774c04851992ae63a.jpg, 0, 0, 0, 0, 1, 0, 0
S108_008_00000012_png.rf.8a64ecda84e13b44c6453720b0db3d13.jpg, 0, 0, 0, 0, 1, 0, 0
S502_004_00000050_png.rf.86f2771a03891ac0f73d19184e39c7dd.jpg, 0, 0, 0, 1, 0, 0, 0
S090_002_00000011_png.rf.8df90f18bb16a9f68debdf6d025e1375.jpg, 0, 0, 0, 0, 0, 0, 1
S129_006_00000009_png.rf.8966d3b11019c1543bb1688d782da433.jpg, 1, 0, 0, 0, 0, 0, 0
S026_002_00000014_png.rf.8c1f87eece4018abbc3ff75aefe98b1f.jpg, 0, 0, 0, 0, 0, 1, 0
S129_012_00000009_png.rf.88179ed233b251aec8de6b13519267b6.jpg, 0, 0, 0, 0, 1, 0, 0
S087_005_00000011_png.rf.8d38570593f77910f6bae94288ff8506.jpg, 0, 0, 0, 0, 1, 0, 0
S125_007_00000008_png.rf.8f07ab70fddaba2a5575ef37a34c3310.jpg, 0, 0, 0, 0, 0, 0, 1
S107_005_00000011_png.rf.90d6123c6553e24ca1885d708d1c1b17.jpg, 0, 0, 1, 0, 0, 0, 0
S046_003_00000016_png.rf.907c906e1e150ebe45bf4c54a3bd54f6.jpg, 0, 0, 0, 1, 0, 0, 0
S053_004_00000022_png.rf.80a8c851d4659063e967c76141f6e56e.jpg, 0, 0, 0, 0, 1, 0, 0
S062_002_00000015_png.rf.92980a7c64a8d34e517119c17c88c327.jpg, 0, 0, 0, 0, 0, 0, 1
S058_001_00000018_png.rf.9264c69579710c553fc6cad063d55959.jpg, 0, 0, 0, 0, 0, 0, 1
S091_001_00000015_png.rf.8a216e5c3899b91bb1c198ac58106b9d.jpg, 0, 0, 0, 1, 0, 0, 0
S085_002_00000013_png.rf.913f05ef7b055b634559ce67c1ad8178.jpg, 0, 0, 0, 0, 1, 0, 0
S057_006_00000033_png.rf.919806d3859c15210d2f7acb5afa2293.jpg, 0, 0, 0, 0, 1, 0, 0
S128_004_00000013_png.rf.8ee407728467bd0101fb4ca3cdb1ccf2.jpg, 0, 0, 1, 0, 0, 0, 0
S011_001_00000015_png.rf.884dab3ad8ca3e4ab50a9f7a20e22c98.jpg, 0, 0, 0, 0, 0, 0, 1
S134_003_00000009_png.rf.88070b488691c18b4224fcecec43ab93.jpg, 1, 0, 0, 0, 0, 0, 0
S132_005_00000014_png.rf.92a4d566380e0afa53552bc24560da48.jpg, 0, 0, 1, 0, 0, 0, 0
S065_002_00000020_png.rf.91c4cf32a51eeed674b938a6c3a932e1.jpg, 0, 0, 0, 1, 0, 0, 0
S071_002_00000020_png.rf.930785872e5e25d11c5bbe1e9177b12f.jpg, 0, 0, 0, 0, 0, 1, 0
S052_001_00000015_png.rf.97d3e06b10bad1138e51a5d046dc0533.jpg, 0, 0, 0, 0, 0, 0, 1
S134_008_00000012_png.rf.9884441887357320cebd8d827ffe3012.jpg, 0, 0, 1, 0, 0, 0, 0
S119_003_00000024_png.rf.934fcf82e26faff2b265717fd119cda8.jpg, 0, 0, 0, 1, 0, 0, 0
S032_006_00000014_png.rf.951b4aceaa6bb4b0108412f862d57e0a.jpg, 0, 0, 0, 0, 1, 0, 0
S132_002_00000016_png.rf.8fbbd2ee4500b8e1b6ca24e65223edc9.jpg, 0, 0, 0, 0, 0, 1, 0
S130_007_00000019_png.rf.8c5e6f26c006585777d387319964ffc1.jpg, 1, 0, 0, 0, 0, 0, 0
S074_002_00000014_png.rf.94ff34861d7fd12420ad10e46329c4d6.jpg, 0, 0, 0, 0, 0, 0, 1
S086_001_00000019_png.rf.8f8e3bec5aabafc088b053957e4c482e.jpg, 0, 0, 0, 0, 0, 0, 1
S083_003_00000017_png.rf.90f643fdc0f148b77f1c3eeb8a957299.jpg, 0, 0, 0, 0, 1, 0, 0
S084_002_00000022_png.rf.9892f6679d6873a705be9d5b9d0b9afe.jpg, 0, 0, 0, 1, 0, 0, 0
S139_002_00000013_png.rf.92f5cd88450251af6240d7c72006b214.jpg, 0, 1, 0, 0, 0, 0, 0
S077_001_00000026_png.rf.9650fabf20cc348e07fbf0afdd14fbd0.jpg, 0, 0, 0, 0, 0, 0, 1
S061_004_00000022_png.rf.98c027c0614b55a125e099574aa609b7.jpg, 0, 0, 1, 0, 0, 0, 0
S005_001_00000009_png.rf.8cbf56cdbc8c39c47ed0f8e740a51d5b.jpg, 0, 0, 1, 0, 0, 0, 0
S126_008_00000028_png.rf.9812b9114ede83fda13ff2732a9b44cc.jpg, 1, 0, 0, 0, 0, 0, 0
S060_005_00000019_png.rf.9a4cc32eea12a372e1870ba839932496.jpg, 0, 0, 1, 0, 0, 0, 0
S011_003_00000012_png.rf.9a0a7616f38c3b0a7fb0c9e39bc574ab.jpg, 0, 0, 0, 1, 0, 0, 0
S072_005_00000019_png.rf.995818765ff5b3c7fbcf24185a03cd58.jpg, 1, 0, 0, 0, 0, 0, 0
S126_008_00000027_png.rf.9a9e78a557f1eb1648b5f7cc20f3fe9f.jpg, 1, 0, 0, 0, 0, 0, 0
S117_006_00000009_png.rf.994c750b24efb7c3cb4e4a60d7fc592e.jpg, 1, 0, 0, 0, 0, 0, 0
S092_001_00000016_png.rf.9b3a9193b323a4a16dac1a9d26c19f36.jpg, 0, 0, 0, 0, 0, 0, 1
S050_006_00000022_png.rf.9a1c7a17890c6d616148089baa7edcfb.jpg, 0, 0, 0, 0, 1, 0, 0
S129_012_00000011_png.rf.9b6911c02dc2e99ade0704b9425ba220.jpg, 0, 0, 0, 0, 1, 0, 0
S075_005_00000010_png.rf.99a3b8c4b62065904e1b89d3f339c34e.jpg, 0, 0, 1, 0, 0, 0, 0
S099_004_00000013_png.rf.9b733d2280e45db4a04b20be257f509d.jpg, 0, 0, 0, 0, 1, 0, 0
S129_002_00000010_png.rf.86feadce8c7949c873611876689d7e05.jpg, 0, 0, 0, 0, 0, 0, 1
S110_001_00000011_png.rf.9bd0ceafa0783995d762f4a58552e005.jpg, 0, 0, 0, 0, 0, 0, 1
S066_005_00000009_png.rf.98ac8c25d07c9786d163ea3eac40971a.jpg, 1, 0, 0, 0, 0, 0, 0
S096_001_00000005_png.rf.9bb0a39126d2d590cabd582f75f03cf5.jpg, 0, 0, 0, 0, 0, 0, 1
S070_005_00000014_png.rf.9902e728c00b1cca65150f7dddb4500e.jpg, 0, 0, 1, 0, 0, 0, 0
S065_004_00000027_png.rf.00bd16b2b50975fcf5645ff834393890.jpg, 0, 0, 0, 0, 1, 0, 0
S028_001_00000024_png.rf.02271e95af55ade548f764de2c7267ad.jpg, 1, 0, 0, 0, 0, 0, 0
S505_002_00000020_png.rf.033de8e134440ed795879c839a6d6ac0.jpg, 0, 1, 0, 0, 0, 0, 0
S042_001_00000017_png.rf.02f7d6165ad49fb81910e4190acadf5e.jpg, 0, 0, 0, 0, 0, 0, 1
S055_003_00000008_png.rf.00e5454a8e31c6dae4f0e7143dd0c1d0.jpg, 0, 0, 1, 0, 0, 0, 0
S078_007_00000011_png.rf.035b2f2da270757cc0205c5815426b5b.jpg, 0, 0, 1, 0, 0, 0, 0
S128_004_00000011_png.rf.038350a2c1daab69a4db3720d88d17bb.jpg, 0, 0, 1, 0, 0, 0, 0
S085_002_00000012_png.rf.03e844c22d77fb2c3e9ab3a3310e8511.jpg, 0, 0, 0, 0, 1, 0, 0
S501_004_00000056_png.rf.0564f49a910cab2cb772e6235fb41958.jpg, 0, 0, 0, 1, 0, 0, 0
S134_008_00000011_png.rf.0524770177a5a239092c771f91c1a5b8.jpg, 0, 0, 1, 0, 0, 0, 0
S068_005_00000021_png.rf.053f3bdec3fa8ddc7faa23b186285e73.jpg, 0, 0, 1, 0, 0, 0, 0
S504_001_00000021_png.rf.07d6ed71abb08acf1fcebe17b6fffce6.jpg, 1, 0, 0, 0, 0, 0, 0
S096_003_00000012_png.rf.065396317411d7ea5335aa911046b1c4.jpg, 0, 0, 1, 0, 0, 0, 0
S071_004_00000027_png.rf.08c9693de1c473646b2bac60164902d4.jpg, 1, 0, 0, 0, 0, 0, 0
S028_001_00000022_png.rf.08c1c56f7b95c7ab8289cfeb083fcb18.jpg, 1, 0, 0, 0, 0, 0, 0
S160_006_00000010_png.rf.040b10fcb9636e919923f59fec82d321.jpg, 0, 1, 0, 0, 0, 0, 0
S087_001_00000011_png.rf.07c1103eee9e62165ccb7f2a6fe6eeb4.jpg, 0, 0, 0, 0, 0, 0, 1
S061_001_00000012_png.rf.09c026145c5375744f4800db4d50c250.jpg, 0, 0, 0, 0, 0, 0, 1
S102_009_00000014_png.rf.0659e30140ef6159c613cec3f054e50f.jpg, 0, 0, 1, 0, 0, 0, 0
S075_002_00000012_png.rf.0a5b587a47a7db95abac8a158edfde16.jpg, 0, 0, 0, 0, 0, 0, 1
S080_008_00000008_png.rf.067d2d1d4f071685f84f8e58d5169eb8.jpg, 0, 0, 1, 0, 0, 0, 0
S087_005_00000012_png.rf.0a92cf33be69024b4870fe5d8ac5a2b3.jpg, 0, 0, 0, 0, 1, 0, 0
S078_007_00000012_png.rf.0b10a01c7dac8da05c48b27165acfc1c.jpg, 0, 0, 1, 0, 0, 0, 0
S502_002_00000009_png.rf.0c20ca00277298a9db930a97d49c8301.jpg, 0, 1, 0, 0, 0, 0, 0
S095_001_00000015_png.rf.0933f447a2ed95df4b133aae0886c647.jpg, 0, 0, 0, 0, 0, 0, 1
S066_003_00000012_png.rf.0e6c779caab6555b5061ba669fc0f0b5.jpg, 0, 0, 0, 0, 1, 0, 0
S065_005_00000006_png.rf.0b678da302f2943a197573f924991d44.jpg, 0, 0, 1, 0, 0, 0, 0
S096_004_00000009_png.rf.0c85011f8340585fe745d6011e93a6f6.jpg, 0, 0, 0, 0, 1, 0, 0
S034_005_00000008_png.rf.0d48c382d2f486f5a94fa1ca34e463c8.jpg, 0, 0, 0, 0, 1, 0, 0
S083_003_00000018_png.rf.0c72314e4798db6bd28d1fb7390846d3.jpg, 0, 0, 0, 0, 1, 0, 0
S130_007_00000020_png.rf.05ea1b31182934151c3e34082c42a0a2.jpg, 1, 0, 0, 0, 0, 0, 0
S064_003_00000023_png.rf.08346bf1b3bf12b2d81dc26b0a985595.jpg, 0, 0, 0, 0, 1, 0, 0
S086_002_00000014_png.rf.0d9a47c3d3356e447cff0ce3615b91d1.jpg, 0, 0, 0, 0, 1, 0, 0
S131_010_00000017_png.rf.0f129d78dd03f789d857cfd61cee92b0.jpg, 0, 0, 1, 0, 0, 0, 0
S131_003_00000022_png.rf.0e359dd2558f11616da50e078b859731.jpg, 0, 0, 0, 0, 0, 1, 0
S067_002_00000014_png.rf.084d2be839d901ea5fb0a9cf165d1666.jpg, 0, 0, 0, 0, 0, 0, 1
S073_001_00000012_png.rf.0eb544c5d8c1b4dd6da9eedcefa06b0d.jpg, 0, 0, 0, 0, 0, 0, 1
S084_001_00000008_png.rf.112946fad3e11af527a5a5fb59c130a6.jpg, 0, 0, 0, 0, 0, 0, 1
S092_004_00000023_png.rf.09ec23bfea87e004602e2a8eebc9fc72.jpg, 0, 0, 0, 0, 1, 0, 0
S066_003_00000011_png.rf.0ef2c420cf8170413e439bf705f1392d.jpg, 0, 0, 0, 0, 1, 0, 0
S137_011_00000020_png.rf.11bb9c73f1ba09ad04c95cb9b6b3a2a5.jpg, 0, 0, 0, 0, 1, 0, 0
S032_006_00000015_png.rf.132a317877eda5a22c1c2f1925fe04c1.jpg, 0, 0, 0, 0, 1, 0, 0
S154_002_00000012_png.rf.145eb72b88c55c96ea6fb0968867e7a7.jpg, 0, 1, 0, 0, 0, 0, 0
S072_005_00000018_png.rf.112a8c32a6f300db8f842d1c0cf0eff4.jpg, 1, 0, 0, 0, 0, 0, 0
S999_003_00000055_png.rf.17d23f67a179156870a27011e0aed80a.jpg, 0, 0, 0, 1, 0, 0, 0
S125_005_00000013_png.rf.13f5595f2db2f3af554897f5bfa6e759.jpg, 0, 0, 0, 0, 1, 0, 0
S119_003_00000023_png.rf.135649161a2c10b8c1c15e8fe5cf9b95.jpg, 0, 0, 0, 1, 0, 0, 0
S075_005_00000011_png.rf.15f91672d2df483c39f011c2b5987829.jpg, 0, 0, 1, 0, 0, 0, 0
S090_007_00000014_png.rf.15c4f3ac1268934dc83c2218c4c420c6.jpg, 1, 0, 0, 0, 0, 0, 0
S090_002_00000010_png.rf.15d27fd2ecc1e36576963acac38c3c3d.jpg, 0, 0, 0, 0, 0, 0, 1
S100_006_00000016_png.rf.1696e1a9930b283cc50d31df7824c1a9.jpg, 0, 0, 0, 0, 1, 0, 0
S034_001_00000027_png.rf.180814e1c1eec4b8b462280ec6f25134.jpg, 0, 0, 0, 0, 0, 0, 1
S125_005_00000012_png.rf.175d285689a53643c375d2b6f51da204.jpg, 0, 0, 0, 0, 1, 0, 0
S119_008_00000017_png.rf.18587419b2ce4179a5eb506efd239c24.jpg, 1, 0, 0, 0, 0, 0, 0
S138_007_00000011_png.rf.186a356290ddb8f9795ea0ccd30773e4.jpg, 0, 0, 0, 0, 0, 1, 0
S106_004_00000007_png.rf.17e2e98ff045edeb4b0317150c3ff850.jpg, 0, 0, 1, 0, 0, 0, 0
S014_001_00000027_png.rf.0f897635dd9bd1effc3389b41e9ec5c9.jpg, 0, 0, 0, 0, 0, 0, 1
S068_003_00000013_png.rf.1a96d84d9167484aa98e62ce54d79957.jpg, 0, 0, 0, 0, 0, 0, 1
S111_006_00000010_png.rf.142d97e57139c810a0f841d46b99afa6.jpg, 1, 0, 0, 0, 0, 0, 0
S503_002_00000006_png.rf.185f0d2c38c83e3b5e1539c5b96786e8.jpg, 0, 1, 0, 0, 0, 0, 0
S126_008_00000029_png.rf.185956be41f1aa69fd5275cca32f8251.jpg, 1, 0, 0, 0, 0, 0, 0
S058_005_00000009_png.rf.187b22f278215373906e4ba7d3b0fcd2.jpg, 1, 0, 0, 0, 0, 0, 0
S026_001_00000015_png.rf.05a1a23e79a47654101041ec28ee1a8d.jpg, 0, 0, 0, 0, 0, 0, 1
S117_003_00000013_png.rf.131599fa74162fbc95c4bf21f5918e57.jpg, 0, 0, 0, 1, 0, 0, 0
S083_003_00000019_png.rf.1970ddfee6a411ee7f7411f6f2618c27.jpg, 0, 0, 0, 0, 1, 0, 0
S026_001_00000014_png.rf.129ac084961942ff1ef01aae22b286da.jpg, 0, 0, 0, 0, 0, 0, 1
S081_001_00000018_png.rf.1a255fa8a0f3186ec79c1f07f6a002b8.jpg, 0, 0, 0, 0, 0, 0, 1
S136_006_00000019_png.rf.1ac6db81dadd8abb4701c04b9a932071.jpg, 0, 0, 0, 0, 1, 0, 0
S503_006_00000019_png.rf.11f3e1c27ec095c2eaf3bc5e4a4fa418.jpg, 0, 0, 0, 0, 0, 1, 0
S022_006_00000015_png.rf.185169b7ad8d2268191c9330d0103d1f.jpg, 0, 0, 1, 0, 0, 0, 0
S093_004_00000014_png.rf.1c8d2db144522ef7a62a8fc8fd62e5b8.jpg, 0, 0, 0, 0, 1, 0, 0
S113_001_00000012_png.rf.1d484581ca05242b5dd98ecf8e97ac62.jpg, 0, 0, 0, 0, 0, 0, 1
S119_008_00000016_png.rf.1cae211a40fe319823dd70c5279b33ac.jpg, 1, 0, 0, 0, 0, 0, 0
S056_003_00000010_png.rf.1f991deb8f026d90018bb05b4cfc9ef0.jpg, 0, 0, 0, 0, 0, 0, 1
S096_003_00000011_png.rf.1cbeeb5c406804bc4d666fdadd3c5202.jpg, 0, 0, 1, 0, 0, 0, 0
S095_010_00000012_png.rf.1b463969fdabdef88a44e208ad326582.jpg, 0, 0, 0, 0, 0, 1, 0
S014_001_00000028_png.rf.1bcae67c5207e31ace2452e03144e18f.jpg, 0, 0, 0, 0, 0, 0, 1
S080_001_00000018_png.rf.1e9a557ec4eb3e51d996e62b0154adf4.jpg, 0, 0, 0, 0, 0, 0, 1
S125_006_00000020_png.rf.1d48f0da8360233eca0e34bc74cafac8.jpg, 0, 0, 0, 1, 0, 0, 0
S116_007_00000017_png.rf.1d83d758b2f32d54b284397ad3d8bc3b.jpg, 0, 0, 0, 0, 1, 0, 0
S079_002_00000011_png.rf.1df413265218b6b5119d7ab2540f1a9f.jpg, 0, 0, 1, 0, 0, 0, 0
S129_011_00000018_png.rf.1f07f4cd76b3af9f9511a403b7d4e578.jpg, 0, 0, 1, 0, 0, 0, 0
S134_003_00000010_png.rf.22ba940d4e81c5854e87112399fd64e7.jpg, 1, 0, 0, 0, 0, 0, 0
S014_005_00000015_png.rf.22b9c2a016a247b34f162cc9419a8965.jpg, 0, 0, 0, 0, 1, 0, 0
S089_003_00000034_png.rf.1d636c37156f0f383abb8ff545888844.jpg, 1, 0, 0, 0, 0, 0, 0
S125_007_00000009_png.rf.1db40c8836c357265719e8c706825698.jpg, 0, 0, 0, 0, 0, 0, 1
S119_003_00000022_png.rf.18af250559516f0f6b6d70c7e8533573.jpg, 0, 0, 0, 1, 0, 0, 0
S132_006_00000022_png.rf.1a6ef9c62ca14857d9d8983b0b372efe.jpg, 0, 0, 0, 0, 1, 0, 0
S129_006_00000010_png.rf.1fdd29e868f67adbbf881a24cd41d163.jpg, 1, 0, 0, 0, 0, 0, 0
S057_001_00000018_png.rf.1ebe9b632d9e2d93f3dedc9ae8c15a26.jpg, 0, 0, 0, 0, 0, 0, 1
S014_003_00000029_png.rf.20c9c4c1e07f6e95d7640c4b954b6fcb.jpg, 1, 0, 0, 0, 0, 0, 0
S046_004_00000015_png.rf.211e28c51e6eb231cc8364d454311733.jpg, 0, 0, 1, 0, 0, 0, 0
S070_003_00000015_png.rf.1f78b6ab0bfa98a85d983fc05ab8b065.jpg, 0, 0, 0, 0, 1, 0, 0
S071_001_00000011_png.rf.1b490a9db84b2ce769e526cfaa25e3ea.jpg, 0, 0, 0, 0, 0, 0, 1
S050_004_00000019_png.rf.23cb1792f63e8110b667fd594427a10b.jpg, 1, 0, 0, 0, 0, 0, 0
S042_002_00000014_png.rf.28247a1c87b772aac48aace2b098a5f7.jpg, 0, 0, 0, 0, 0, 1, 0
S011_004_00000020_png.rf.285282f07ec8a3ec68e62c2ecae01bf7.jpg, 1, 0, 0, 0, 0, 0, 0
S010_004_00000018_png.rf.250ebcf1558198c957cdf3935f249607.jpg, 1, 0, 0, 0, 0, 0, 0
S137_011_00000019_png.rf.1c2dd00260da339692b6d4863fdd19b7.jpg, 0, 0, 0, 0, 1, 0, 0
S055_001_00000012_png.rf.288fab4dc2090045e74b7e517cbb5a29.jpg, 0, 0, 0, 0, 0, 0, 1
S065_003_00000021_png.rf.2713465f32376cd21190e5af4fbde531.jpg, 0, 0, 0, 0, 0, 0, 1
S026_001_00000013_png.rf.2887c9fc12a20f643b06f1f21e748bf3.jpg, 0, 0, 0, 0, 0, 0, 1
S096_001_00000006_png.rf.2957b50293e92903462eee93045b9f2f.jpg, 0, 0, 0, 0, 0, 0, 1
S999_001_00000016_png.rf.26f9ba06bed4b843ee8c8a4e2d13042e.jpg, 1, 0, 0, 0, 0, 0, 0
S058_005_00000010_png.rf.2c79b643ab1a0ee8cff6662267e15b80.jpg, 1, 0, 0, 0, 0, 0, 0
S072_006_00000020_png.rf.2a68b8832182e35f5300edf9ba8c10a0.jpg, 0, 0, 0, 0, 1, 0, 0
S026_003_00000015_png.rf.2c7bac8f9f4d5ee0579610d103d5efe8.jpg, 1, 0, 0, 0, 0, 0, 0
S078_001_00000032_png.rf.253f6caf55c217e5e52c1599e53096dc.jpg, 0, 0, 0, 0, 0, 0, 1
S067_002_00000012_png.rf.2d4a6da21e92977c7c9a43f15df7ed52.jpg, 0, 0, 0, 0, 0, 0, 1
S054_004_00000023_png.rf.2c73e1a1fe93190dd9100141ce9a709a.jpg, 0, 0, 1, 0, 0, 0, 0
S089_002_00000021_png.rf.2dc3354a3daf71c4d0ff50bbb1af8e3d.jpg, 0, 0, 0, 0, 1, 0, 0
S117_001_00000013_png.rf.2b04dde62225a8319f01721fe26e4e22.jpg, 0, 0, 0, 0, 0, 0, 1
S097_006_00000018_png.rf.2ec8fbb913a10584cd461e0e2a9cc361.jpg, 0, 0, 0, 0, 1, 0, 0
S130_013_00000015_png.rf.3169626dd69b3fffd6779418fae30487.jpg, 0, 0, 0, 0, 1, 0, 0
S088_001_00000017_png.rf.29a66d3ce2a47afd3d722e6150e44262.jpg, 0, 0, 0, 0, 0, 0, 1
S076_006_00000019_png.rf.2cf67ac2f2e049a121a8ed68e57edef1.jpg, 0, 0, 0, 0, 1, 0, 0
S080_001_00000016_png.rf.302b4fd9d3fcb94ddaa6354a68be147e.jpg, 0, 0, 0, 0, 0, 0, 1
S100_002_00000014_png.rf.2f06ed11024be459d8b0abc9120172a6.jpg, 0, 0, 0, 0, 0, 0, 1
S502_001_00000016_png.rf.3095c8ad81bd8215db269b11b6438d5a.jpg, 1, 0, 0, 0, 0, 0, 0
S099_007_00000011_png.rf.2e75f1e5b3fe65bc38dfd57a65d18fd0.jpg, 0, 0, 1, 0, 0, 0, 0
S094_004_00000011_png.rf.326f42c3faf1ed0032c92f834a1252a0.jpg, 0, 0, 0, 0, 1, 0, 0
S092_003_00000012_png.rf.2ee98d75b448f64ccfb833d0ec916948.jpg, 1, 0, 0, 0, 0, 0, 0
S034_005_00000009_png.rf.2f56877c8c9d3513695e35c3da50caa7.jpg, 0, 0, 0, 0, 1, 0, 0
S095_010_00000014_png.rf.3030bfc1b8dd73a3ed2edba3ac4f7c23.jpg, 0, 0, 0, 0, 0, 1, 0
S131_010_00000016_png.rf.2d1ce53df9c2a779ac665840339b8628.jpg, 0, 0, 1, 0, 0, 0, 0
S107_001_00000009_png.rf.349e1a384e5d11506439cb62e6d0f1b5.jpg, 0, 0, 0, 0, 0, 0, 1
S078_001_00000033_png.rf.33141e31299e13e3cc999b31a2994be9.jpg, 0, 0, 0, 0, 0, 0, 1
S068_002_00000013_png.rf.35a794f417f3756e1b1efd78c648bab0.jpg, 0, 0, 0, 0, 1, 0, 0
S134_003_00000011_png.rf.3289d346a54d5d2c68fd62f1bdb0c3c3.jpg, 1, 0, 0, 0, 0, 0, 0
S063_001_00000011_png.rf.34f2e4edaefb938d4a345ea042a093ed.jpg, 0, 0, 0, 0, 0, 0, 1
S503_002_00000007_png.rf.371c5a584aa74bbd44c358feeef80cf1.jpg, 0, 1, 0, 0, 0, 0, 0
S051_003_00000017_png.rf.34e1d7c24fd0e31d85d920eab2b6c8f0.jpg, 0, 0, 1, 0, 0, 0, 0
S106_006_00000009_png.rf.2cea0b65a6254b4e50a26ef50bfc9ef0.jpg, 0, 0, 0, 0, 1, 0, 0
S032_003_00000017_png.rf.39fee3c84bef60f0e66453c47a83c944.jpg, 1, 0, 0, 0, 0, 0, 0
S035_006_00000016_png.rf.37f7e1660d039427d788347ba4e8599e.jpg, 0, 0, 0, 0, 1, 0, 0
S136_006_00000018_png.rf.2f69f76c5e468a2fcc87e4102401264a.jpg, 0, 0, 0, 0, 1, 0, 0
S032_003_00000016_png.rf.37a38e4eb77a68b7d61ecd87700e3306.jpg, 1, 0, 0, 0, 0, 0, 0
S111_007_00000012_png.rf.3ad4b58b5d6d5c3e1251aa72197e51d2.jpg, 0, 0, 1, 0, 0, 0, 0
S133_010_00000013_png.rf.3880467e7e610753d14f61ecb728c077.jpg, 0, 0, 0, 0, 1, 0, 0
S022_001_00000030_png.rf.3c66fba3c2c2243330537e1313e980fc.jpg, 0, 0, 0, 0, 0, 0, 1
S042_002_00000015_png.rf.3995519bd2c29e29f987b19bd9dcecf1.jpg, 0, 0, 0, 0, 0, 1, 0
S058_006_00000018_png.rf.38e80879f195d0ad8dbbbf8e43293232.jpg, 0, 0, 1, 0, 0, 0, 0
S504_006_00000016_png.rf.36870c658c0788904607cb1c5d46e9aa.jpg, 0, 0, 0, 0, 0, 1, 0
S011_002_00000021_png.rf.38f3026e8d218c538756004d5b834506.jpg, 0, 0, 0, 0, 0, 1, 0
S059_001_00000016_png.rf.3bd9fcff76972f74d1aea8b41a6a3025.jpg, 0, 0, 0, 0, 0, 0, 1
S112_005_00000016_png.rf.3c4187e27b5006e0741b168a03ec8b25.jpg, 1, 0, 0, 0, 0, 0, 0
S042_004_00000019_png.rf.2ec2a8e1894952470bb8608bacec7a02.jpg, 1, 0, 0, 0, 0, 0, 0
S136_001_00000019_png.rf.34c970d944b106a96cf8ba5527508574.jpg, 0, 0, 0, 0, 0, 0, 1
S157_002_00000011_png.rf.3b009e44ca7dbe05d2acc2a574b6edbe.jpg, 0, 1, 0, 0, 0, 0, 0
S032_001_00000021_png.rf.38be005cdb024a0ebdd4f3d66636484e.jpg, 0, 0, 0, 0, 0, 0, 1
S011_003_00000014_png.rf.3c558d2f211654bbbaed83af901b2cc2.jpg, 0, 0, 0, 1, 0, 0, 0